﻿<?xml version="1.0" encoding="UTF-8"?>
<!--Created With CreateMup.exe Version 11.07.2013.1538-->
<MUPDefinition xmlns="http://schemas.dell.com/openmanage/cm/2/0/mupdefinition.xsd" xmlns:xsi="http://www.w3.org/2001/XMLSchema-instance" xsi:schemaLocation="http://schemas.dell.com/openmanage/cm/2/0/mupdefinition.xsd mupdefinition.xsd">
  <packageinformation>
    <installertype>installshield installscript</installertype>
    <packagegrouping>single_package</packagegrouping>
    <packagingtype>zip</packagingtype>
    <releasetype>DRVR</releasetype>
    <mupspecificationversion>2.4.2</mupspecificationversion>
    <version>2.5.4.40</version>
    <name>USB3 </name>
    <supportedoperatingsystems>
      <osidentifier name="Windows7" architecture="x86" />
      <osidentifier name="Windows7" architecture="x64" />
      <osidentifier name="W2K8R2" architecture="x64" />
    </supportedoperatingsystems>
  </packageinformation>
  <executable>
    <executablename>setup.exe</executablename>
  </executable>
  <behaviors>
    <!--
    <behavior name="freshinstall">
      Not Supported By the Installer.... Conditional
      <vendoroption>
        <optionvalue switch="/" requiresvalue="false" />
      </vendoroption>
    </behavior>
-->
    <!--    <behavior name="driveronly">
      <vendoroption>
        <optionvalue switch="/" requiresvalue="false"></optionvalue>
      </vendoroption>
    </behavior>
    <behavior name="applicationonly">
      <vendoroption>
        <optionvalue switch="/" requiresvalue="false">nodrv</optionvalue>
      </vendoroption>
    </behavior>
-->
    <behavior name="extractdrivers">
      <vendoroption>
        <container>
          <containervalue switch="/" requiresvalue="false" valuedelimiter=" " enclose="&quot;">v</containervalue>
          <optionvalue switch="" requiresvalue="true" valuedelimiter="=" enclose="\&quot;">ExtractDrivers</optionvalue>
        </container>
      </vendoroption>
    </behavior>
    <behavior name="attended" />
    <behavior name="help">
      <vendoroption>
        <optionvalue switch="/" requiresvalue="false">?</optionvalue>
      </vendoroption>
    </behavior>
    <behavior name="unattended">
      <vendoroption>
        <optionvalue switch="/" requiresvalue="false">s</optionvalue>
      </vendoroption>
      <!-- The DUP will Restart the system
      <vendoroption>
        <optionvalue switch="/" requiresvalue="false">b</optionvalue>
      </vendoroption>
-->
    </behavior>
  </behaviors>
  <parameters>
    <parametermapping name="force">
      <vendoroption>
        <optionvalue switch="/" requiresvalue="false">overwrite</optionvalue>
      </vendoroption>
    </parametermapping>
    <parametermapping name="logfile">
      <vendoroption>
        <optionvalue switch="/" requiresvalue="true" valuedelimiter=" " enclose="&quot;">report</optionvalue>
      </vendoroption>
    </parametermapping>
  </parameters>
  <returncodes>
    <returncodemapping name="REBOOTING_SYSTEM">
      <vendorreturncode>15</vendorreturncode>
    </returncodemapping>
    <returncodemapping name="PASSWORD_REQUIRED">
      <vendorreturncode>2</vendorreturncode>
    </returncodemapping>
    <returncodemapping name="NO_DOWNGRADE">
      <!--Always able to DownGrade, Installer Doesn't need to support-->
      <vendorreturncode>9999</vendorreturncode>
    </returncodemapping>
    <returncodemapping name="REBOOT_UPDATE_PENDING">
      <!--Installer only Reboots Once, Installer Doesn't need to support-->
      <vendorreturncode>9999</vendorreturncode>
    </returncodemapping>
    <returncodemapping name="DEP_SOFT_ERROR">
      <vendorreturncode>7</vendorreturncode>
    </returncodemapping>
    <returncodemapping name="DEP_HARD_ERROR">
      <vendorreturncode>5</vendorreturncode>
    </returncodemapping>
    <returncodemapping name="SUCCESS">
      <vendorreturncode>0</vendorreturncode>
    </returncodemapping>
    <returncodemapping name="ERROR">
      <vendorreturncode>10</vendorreturncode>
    </returncodemapping>
    <returncodemapping name="REBOOT_REQUIRED">
      <vendorreturncode>14</vendorreturncode>
    </returncodemapping>
    <returncodemapping name="ERROR_INSTALL_PLATFORM_UNSUPPORTED">
      <vendorreturncode>3</vendorreturncode>
    </returncodemapping>
    <returncodemapping name="UNKNOWN_OPTION">
      <vendorreturncode>1</vendorreturncode>
    </returncodemapping>
    <returncodemapping name="ERROR">
      <vendorreturncode>9</vendorreturncode>
    </returncodemapping>
    <returncodemapping name="ERROR">
      <vendorreturncode>6</vendorreturncode>
    </returncodemapping>
    <returncodemapping name="ERROR">
      <vendorreturncode>4</vendorreturncode>
    </returncodemapping>
  </returncodes>
  <inventorymetadata>
    <extractdriversidentifier>
      <softwareidentityinstances>
        <!--filename: \x64\Drv64.exe-->
        <softwareidentity>
          <elementname>64 bit driver installer</elementname>
          <versionstring>1.4.1.0</versionstring>
        </softwareidentity>
        <!--filename: \apps\iusb3mon.exe-->
        <softwareidentity>
          <elementname>iusb3mon</elementname>
          <versionstring>2.5.4.40</versionstring>
        </softwareidentity>
      </softwareidentityinstances>
      <pnpids>
        <!--<!  filename: \Drivers\Win7\x86\iusb3hub.inf  ><driverversion>2.5.4.40</driverversion><!  unhandled ID IUSB3\ROOT_HUB30  ><pnpidstring><PNPID>UNK</PNPID><PnPProductID>0000</PnPProductID></pnpidstring><pnpidstring><PNPID>UNK</PNPID><PnPProductID>0000</PnPProductID></pnpidstring><pnpidstring><PNPID>UNK</PNPID><PnPProductID>0000</PnPProductID></pnpidstring><pnpidstring><ACPIID>CLAS</ACPIID><PnPProductID>S_09</PnPProductID></pnpidstring>-->
        <pnpdevice>
          <!--filename: \Drivers\Win7\x86\iusb3xhc.inf-->
          <driverversion>2.5.4.40</driverversion>
          <pciinfo vendorID="8086" deviceID="8C31" />
          <pciinfo vendorID="8086" deviceID="8C31" />
          <pciinfo vendorID="8086" deviceID="8C31" />
          <pciinfo vendorID="8086" deviceID="8C31" />
          <pciinfo vendorID="8086" deviceID="8C31" />
          <pciinfo vendorID="8086" deviceID="8C31" />
          <pciinfo vendorID="8086" deviceID="8CB1" />
          <pciinfo vendorID="8086" deviceID="9C31" />
          <pciinfo vendorID="8086" deviceID="9C31" />
          <pciinfo vendorID="8086" deviceID="9C31" />
          <pciinfo vendorID="8086" deviceID="9C31" />
          <pciinfo vendorID="8086" deviceID="9C31" />
        </pnpdevice>
        <!--<!  filename: \Drivers\Win7\x64\iusb3hub.inf  ><driverversion>2.5.4.40</driverversion><!  unhandled ID IUSB3\ROOT_HUB30  ><pnpidstring><PNPID>UNK</PNPID><PnPProductID>0000</PnPProductID></pnpidstring><pnpidstring><PNPID>UNK</PNPID><PnPProductID>0000</PnPProductID></pnpidstring><pnpidstring><PNPID>UNK</PNPID><PnPProductID>0000</PnPProductID></pnpidstring><pnpidstring><ACPIID>CLAS</ACPIID><PnPProductID>S_09</PnPProductID></pnpidstring>-->
        <pnpdevice>
          <!--filename: \Drivers\Win7\x64\iusb3xhc.inf-->
          <driverversion>2.5.4.40</driverversion>
          <pciinfo vendorID="8086" deviceID="8C31" />
          <pciinfo vendorID="8086" deviceID="8C31" />
          <pciinfo vendorID="8086" deviceID="8C31" />
          <pciinfo vendorID="8086" deviceID="8C31" />
          <pciinfo vendorID="8086" deviceID="8C31" />
          <pciinfo vendorID="8086" deviceID="8C31" />
          <pciinfo vendorID="8086" deviceID="8CB1" />
          <pciinfo vendorID="8086" deviceID="9C31" />
          <pciinfo vendorID="8086" deviceID="9C31" />
          <pciinfo vendorID="8086" deviceID="9C31" />
          <pciinfo vendorID="8086" deviceID="9C31" />
          <pciinfo vendorID="8086" deviceID="9C31" />
        </pnpdevice>
        <pnpdevice>
          <!--filename: \Drivers\HCSwitch\x86\iusb3hcs.inf-->
          <driverversion>2.5.4.40</driverversion>
          <pnpidstring>
            <PNPID>PNP</PNPID>
            <PnPProductID>0A08</PnPProductID>
          </pnpidstring>
        </pnpdevice>
        <pnpdevice>
          <!--filename: \Drivers\HCSwitch\x64\iusb3hcs.inf-->
          <driverversion>2.5.4.40</driverversion>
          <pnpidstring>
            <PNPID>PNP</PNPID>
            <PnPProductID>0A08</PnPProductID>
          </pnpidstring>
        </pnpdevice>
      </pnpids>
    </extractdriversidentifier>
    <fullpackageidentifier>
      <msis>
        <msi>
          <identifyingnumber>{240C3DDD-C5E9-4029-9DF7-95650D040CF2}</identifyingnumber>
          <version>2.5.4.40</version>
          <upgradecode>{240C3DDD-C5E9-4029-9DF7-95650D040CF2}</upgradecode>
        </msi>
      </msis>
    </fullpackageidentifier>
  </inventorymetadata>
</MUPDefinition>